video_id,status
vid_2,failed
vid_6,failed
vid_7,failed
vid_3,failed
vid_0,failed
vid_4,failed
vid_9,failed
vid_8,failed
vid_5,failed
vid_1,failed
vid_10,failed
vid_11,failed
vid_12,failed
vid_13,failed
vid_17,failed
vid_15,failed
vid_14,failed
vid_16,failed
vid_19,failed
vid_18,failed
vid_20,failed
vid_21,failed
vid_22,failed
vid_23,failed
vid_24,failed
vid_26,failed
vid_27,failed
vid_25,failed
vid_28,failed
vid_29,failed
vid_30,failed
vid_31,failed
vid_32,failed
vid_33,failed
vid_36,failed
vid_35,failed
vid_34,failed
vid_37,failed
vid_38,failed
vid_39,failed
vid_40,failed
vid_41,failed
vid_42,failed
vid_43,failed
vid_44,failed
vid_46,failed
vid_48,failed
vid_45,failed
vid_47,failed
vid_49,failed
vid_50,failed
vid_51,failed
vid_53,failed
vid_52,failed
vid_54,failed
vid_55,failed
vid_58,failed
vid_57,failed
vid_56,failed
vid_59,failed
vid_61,failed
vid_60,failed
vid_62,failed
vid_63,failed
vid_64,failed
vid_65,failed
vid_66,failed
vid_71,failed
vid_69,failed
vid_67,failed
vid_70,failed
vid_68,failed
vid_73,failed
vid_72,failed
vid_74,failed
vid_75,failed
vid_76,failed
vid_79,failed
vid_77,failed
vid_78,failed
vid_80,failed
vid_81,failed
vid_82,failed
vid_83,failed
vid_84,failed
vid_85,failed
vid_86,failed
vid_88,failed
vid_91,failed
vid_87,failed
vid_92,failed
vid_93,failed
vid_89,failed
vid_90,failed
vid_94,failed
vid_95,failed
vid_96,failed
vid_97,failed
vid_100,failed
vid_98,failed
vid_102,failed
vid_99,failed
vid_103,failed
vid_101,failed
vid_104,failed
vid_105,failed
vid_106,failed
vid_108,failed
vid_107,failed
vid_112,failed
vid_109,failed
vid_111,failed
vid_113,failed
vid_110,failed
vid_114,failed
vid_115,failed
vid_116,failed
vid_117,failed
vid_118,failed
vid_119,failed
vid_120,failed
vid_122,failed
vid_123,failed
vid_121,failed
vid_125,failed
vid_124,failed
vid_126,failed
vid_127,failed
vid_128,failed
vid_129,failed
vid_130,failed
vid_131,failed
vid_132,failed
vid_134,failed
vid_133,failed
vid_135,failed
vid_136,failed
vid_137,failed
vid_138,failed
vid_139,failed
vid_141,failed
vid_140,failed
vid_142,failed
vid_145,failed
vid_143,failed
vid_144,failed
vid_146,failed
vid_147,failed
vid_148,failed
vid_149,failed
vid_150,failed
vid_151,failed
vid_155,failed
vid_152,failed
vid_153,failed
vid_154,failed
vid_156,failed
vid_157,failed
vid_158,failed
vid_159,failed
vid_160,failed
vid_164,failed
vid_161,failed
vid_162,failed
vid_165,failed
vid_163,failed
vid_166,failed
vid_167,failed
vid_168,failed
vid_169,failed
vid_170,failed
vid_172,failed
vid_171,failed
vid_175,failed
vid_174,failed
vid_173,failed
vid_178,failed
vid_176,failed
vid_177,failed
vid_179,failed
vid_180,failed
vid_181,failed
vid_182,failed
vid_184,failed
vid_185,failed
vid_183,failed
vid_186,failed
vid_187,failed
vid_189,failed
vid_188,failed
vid_190,failed
vid_191,failed
vid_192,failed
vid_193,failed
vid_194,failed
vid_196,failed
vid_195,failed
vid_199,failed
vid_198,failed
vid_200,failed
vid_197,failed
vid_201,failed
vid_202,failed
vid_203,failed
vid_204,failed
vid_205,failed
vid_207,failed
vid_206,failed
vid_210,failed
vid_208,failed
vid_209,failed
vid_211,failed
vid_212,failed
vid_213,failed
vid_215,failed
vid_214,failed
vid_216,failed
vid_217,failed
vid_219,failed
vid_220,failed
vid_218,failed
vid_221,failed
vid_222,failed
vid_224,failed
vid_223,failed
vid_226,failed
vid_225,failed
vid_229,failed
vid_227,failed
vid_228,failed
vid_230,failed
vid_231,failed
vid_232,failed
vid_233,failed
vid_234,failed
vid_235,failed
vid_236,failed
vid_237,failed
vid_239,failed
vid_238,failed
vid_240,failed
vid_241,failed
vid_242,failed
vid_243,failed
vid_245,failed
vid_244,failed
vid_246,failed
vid_247,failed
vid_248,failed
vid_249,failed
vid_252,failed
vid_251,failed
vid_250,failed
vid_253,failed
vid_254,failed
vid_255,failed
vid_256,failed
vid_257,failed
vid_258,failed
vid_259,failed
vid_260,failed
vid_261,failed
vid_262,failed
vid_263,failed
vid_264,failed
vid_265,failed
vid_266,failed
vid_267,failed
vid_268,failed
vid_269,failed
vid_270,failed
vid_271,failed
vid_272,failed
vid_273,failed
vid_274,failed
vid_276,failed
vid_275,failed
vid_277,failed
vid_278,failed
vid_279,failed
vid_280,failed
vid_281,failed
vid_282,failed
vid_283,failed
vid_284,failed
vid_285,failed
vid_286,failed
vid_288,failed
vid_287,failed
vid_289,failed
vid_290,failed
vid_293,failed
vid_291,failed
vid_292,failed
vid_294,failed
vid_295,failed
vid_296,failed
vid_298,failed
vid_297,failed
vid_299,failed
vid_302,failed
vid_300,failed
vid_301,failed
vid_303,failed
vid_304,failed
vid_305,failed
vid_306,failed
vid_308,failed
vid_307,failed
vid_309,failed
vid_310,failed
vid_313,failed
vid_311,failed
vid_312,failed
vid_314,failed
vid_315,failed
vid_316,failed
vid_317,failed
vid_318,failed
vid_319,failed
vid_324,failed
vid_323,failed
vid_321,failed
vid_320,failed
vid_322,failed
vid_325,failed
vid_326,failed
vid_327,failed
vid_328,failed
vid_329,failed
vid_330,failed
vid_331,failed
vid_333,failed
vid_334,failed
vid_332,failed
vid_335,failed
vid_336,failed
vid_337,failed
vid_338,failed
vid_339,failed
vid_340,failed
vid_341,failed
vid_343,failed
vid_344,failed
vid_342,failed
vid_345,failed
vid_346,failed
vid_348,failed
vid_347,failed
vid_349,failed
vid_350,failed
vid_351,failed
vid_352,failed
vid_354,failed
vid_353,failed
vid_355,failed
vid_356,failed
vid_357,failed
vid_358,failed
vid_360,failed
vid_359,failed
vid_361,failed
vid_363,failed
vid_362,failed
vid_364,failed
vid_367,failed
vid_365,failed
vid_368,failed
vid_366,failed
vid_370,failed
vid_369,failed
vid_371,failed
vid_372,failed
vid_374,failed
vid_373,failed
vid_376,failed
vid_375,failed
vid_378,failed
vid_377,failed
vid_381,failed
vid_379,failed
vid_380,failed
vid_382,failed
vid_383,failed
vid_384,failed
vid_387,failed
vid_385,failed
vid_388,failed
vid_386,failed
vid_389,failed
vid_390,failed
vid_391,failed
vid_392,failed
vid_397,failed
vid_393,failed
vid_398,failed
vid_395,failed
vid_396,failed
vid_394,failed
vid_399,failed
vid_401,failed
vid_400,failed
vid_402,failed
vid_403,failed
vid_405,failed
vid_406,failed
vid_404,failed
vid_407,failed
vid_408,failed
vid_409,failed
vid_411,failed
vid_410,failed
vid_412,failed
vid_413,failed
vid_414,failed
vid_415,failed
vid_419,failed
vid_416,failed
vid_421,failed
vid_417,failed
vid_418,failed
vid_420,failed
vid_422,failed
vid_423,failed
vid_424,failed
vid_426,failed
vid_425,failed
vid_427,failed
vid_429,failed
vid_428,failed
vid_430,failed
vid_432,failed
vid_431,failed
vid_433,failed
vid_434,failed
vid_435,failed
vid_439,failed
vid_436,failed
vid_443,failed
vid_437,failed
vid_441,failed
vid_442,failed
vid_440,failed
vid_438,failed
vid_444,failed
vid_445,failed
vid_446,failed
vid_448,failed
vid_449,failed
vid_454,failed
vid_447,failed
vid_453,failed
vid_450,failed
vid_451,failed
vid_452,failed
vid_455,failed
vid_456,failed
vid_457,failed
vid_459,failed
vid_458,failed
vid_462,failed
vid_461,failed
vid_460,failed
vid_464,failed
vid_463,failed
vid_465,failed
vid_466,failed
vid_467,failed
vid_468,failed
vid_469,failed
vid_471,failed
vid_470,failed
vid_472,failed
vid_473,failed
vid_475,failed
vid_474,failed
vid_476,failed
vid_477,failed
vid_478,failed
vid_479,failed
vid_480,failed
vid_481,failed
vid_482,failed
vid_483,failed
vid_484,failed
vid_486,failed
vid_485,failed
vid_487,failed
vid_488,failed
vid_489,failed
vid_490,failed
vid_491,failed
vid_492,failed
vid_496,failed
vid_495,failed
vid_493,failed
vid_494,failed
vid_497,failed
vid_498,failed
vid_501,failed
vid_499,failed
vid_500,failed
vid_504,failed
vid_506,failed
vid_503,failed
vid_505,failed
vid_502,failed
vid_507,failed
vid_508,failed
vid_509,failed
vid_513,failed
vid_510,failed
vid_512,failed
vid_511,failed
vid_516,failed
vid_514,failed
vid_515,failed
vid_517,failed
vid_518,failed
vid_520,failed
vid_519,failed
vid_522,failed
vid_521,failed
vid_523,failed
vid_526,failed
vid_524,failed
vid_527,failed
vid_525,failed
vid_528,failed
vid_529,failed
vid_530,failed
vid_531,failed
vid_533,failed
vid_534,failed
vid_532,failed
vid_535,failed
vid_537,failed
vid_536,failed
vid_538,failed
vid_539,failed
vid_540,failed
vid_541,failed
vid_548,failed
vid_547,failed
vid_546,failed
vid_542,failed
vid_543,failed
vid_544,failed
vid_545,failed
vid_549,failed
vid_551,failed
vid_553,failed
vid_552,failed
vid_550,failed
vid_555,failed
vid_556,failed
vid_554,failed
vid_557,failed
vid_558,failed
vid_559,failed
vid_560,failed
vid_561,failed
vid_562,failed
vid_563,failed
vid_564,failed
vid_565,failed
vid_566,failed
vid_567,failed
vid_568,failed
vid_569,failed
vid_570,failed
vid_571,failed
vid_572,failed
vid_573,failed
vid_574,failed
vid_575,failed
vid_577,failed
vid_578,failed
vid_576,failed
vid_579,failed
vid_580,failed
vid_581,failed
vid_582,failed
vid_583,failed
vid_584,failed
vid_585,failed
vid_586,failed
vid_588,failed
vid_587,failed
vid_589,failed
vid_590,failed
vid_591,failed
vid_592,failed
vid_593,failed
vid_594,failed
vid_595,failed
vid_596,failed
vid_597,failed
vid_600,failed
vid_599,failed
vid_598,failed
vid_601,failed
vid_602,failed
vid_603,failed
vid_604,failed
vid_605,failed
vid_608,failed
vid_609,failed
vid_607,failed
vid_606,failed
vid_612,failed
vid_610,failed
vid_611,failed
vid_613,failed
vid_615,failed
vid_617,failed
vid_616,failed
vid_618,failed
vid_614,failed
vid_619,failed
vid_620,failed
vid_622,failed
vid_621,failed
vid_623,failed
vid_624,failed
vid_625,failed
vid_626,failed
vid_630,failed
vid_628,failed
vid_627,failed
vid_631,failed
vid_629,failed
vid_632,failed
vid_633,failed
vid_634,failed
vid_635,failed
vid_636,failed
vid_637,failed
vid_640,failed
vid_638,failed
vid_639,failed
vid_641,failed
vid_642,failed
vid_643,failed
vid_644,failed
vid_645,failed
vid_646,failed
vid_647,failed
vid_648,failed
vid_650,failed
vid_649,failed
vid_651,failed
vid_652,failed
vid_653,failed
vid_654,failed
vid_655,failed
vid_656,failed
vid_657,failed
vid_658,failed
vid_660,failed
vid_659,failed
vid_661,failed
vid_662,failed
vid_663,failed
vid_664,failed
vid_665,failed
vid_666,failed
vid_667,failed
vid_668,failed
vid_669,failed
vid_672,failed
vid_670,failed
vid_673,failed
vid_671,failed
vid_675,failed
vid_674,failed
vid_676,failed
vid_677,failed
vid_678,failed
vid_679,failed
vid_680,failed
vid_681,failed
vid_682,failed
vid_683,failed
vid_684,failed
vid_686,failed
vid_685,failed
vid_687,failed
vid_688,failed
vid_689,failed
vid_690,failed
vid_691,failed
vid_693,failed
vid_692,failed
vid_696,failed
vid_695,failed
vid_694,failed
vid_698,failed
vid_697,failed
vid_699,failed
vid_700,failed
vid_701,failed
vid_702,failed
vid_703,failed
vid_705,failed
vid_704,failed
vid_706,failed
vid_707,failed
vid_708,failed
vid_709,failed
vid_710,failed
vid_711,failed
vid_712,failed
vid_714,failed
vid_713,failed
vid_716,failed
vid_715,failed
vid_717,failed
vid_718,failed
vid_719,failed
vid_720,failed
vid_721,failed
vid_722,failed
vid_723,failed
vid_724,failed
vid_725,failed
vid_727,failed
vid_728,failed
vid_726,failed
vid_729,failed
vid_730,failed
vid_731,failed
vid_733,failed
vid_737,failed
vid_732,failed
vid_735,failed
vid_736,failed
vid_734,failed
vid_738,failed
vid_739,failed
vid_740,failed
vid_741,failed
vid_742,failed
vid_743,failed
vid_746,failed
vid_745,failed
vid_744,failed
vid_747,failed
vid_748,failed
vid_749,failed
vid_750,failed
vid_751,failed
vid_752,failed
vid_753,failed
vid_754,failed
vid_755,failed
vid_756,failed
vid_758,failed
vid_757,failed
vid_759,failed
vid_761,failed
vid_760,failed
vid_762,failed
vid_764,failed
vid_763,failed
vid_765,failed
vid_766,failed
vid_767,failed
vid_768,failed
vid_769,failed
vid_771,failed
vid_770,failed
vid_772,failed
vid_774,failed
vid_773,failed
vid_775,failed
vid_776,failed
vid_778,failed
vid_777,failed
vid_781,failed
vid_780,failed
vid_779,failed
vid_782,failed
vid_783,failed
vid_784,failed
vid_785,failed
vid_786,failed
vid_787,failed
vid_788,failed
vid_789,failed
vid_790,failed
vid_791,failed
vid_793,failed
vid_792,failed
vid_794,failed
vid_795,failed
vid_796,failed
vid_797,failed
vid_798,failed
vid_799,failed
vid_801,failed
vid_800,failed
vid_802,failed
vid_803,failed
vid_804,failed
vid_805,failed
vid_806,failed
vid_807,failed
vid_809,failed
vid_808,failed
vid_811,failed
vid_810,failed
vid_812,failed
vid_813,failed
vid_814,failed
vid_815,failed
vid_816,failed
vid_817,failed
vid_818,failed
vid_819,failed
vid_820,failed
vid_821,failed
vid_822,failed
vid_825,failed
vid_823,failed
vid_824,failed
vid_826,failed
vid_827,failed
vid_832,failed
vid_834,failed
vid_833,failed
vid_835,failed
vid_828,failed
vid_829,failed
vid_830,failed
vid_831,failed
vid_836,failed
vid_838,failed
vid_837,failed
vid_839,failed
vid_840,failed
vid_841,failed
vid_842,failed
vid_844,failed
vid_843,failed
vid_845,failed
vid_847,failed
vid_846,failed
vid_849,failed
vid_851,failed
vid_850,failed
vid_848,failed
vid_852,failed
vid_853,failed
vid_855,failed
vid_854,failed
vid_856,failed
vid_858,failed
vid_859,failed
vid_860,failed
vid_857,failed
vid_861,failed
vid_862,failed
vid_863,failed
vid_866,failed
vid_865,failed
vid_864,failed
vid_867,failed
vid_868,failed
vid_869,failed
vid_870,failed
vid_871,failed
vid_872,failed
vid_874,failed
vid_873,failed
vid_875,failed
vid_877,failed
vid_876,failed
vid_878,failed
vid_879,failed
vid_880,failed
vid_881,failed
vid_882,failed
vid_884,failed
vid_883,failed
vid_885,failed
vid_886,failed
vid_887,failed
vid_888,failed
vid_889,failed
vid_890,failed
vid_891,failed
vid_892,failed
vid_894,failed
vid_896,failed
vid_898,failed
vid_899,failed
vid_893,failed
vid_895,failed
vid_897,failed
vid_900,failed
vid_901,failed
vid_902,failed
vid_903,failed
vid_904,failed
vid_905,failed
vid_906,failed
vid_907,failed
vid_908,failed
vid_909,failed
vid_910,failed
vid_911,failed
vid_912,failed
vid_913,failed
vid_914,failed
vid_915,failed
vid_916,failed
vid_917,failed
vid_918,failed
vid_919,failed
vid_920,failed
vid_921,failed
vid_922,failed
vid_923,failed
vid_924,failed
vid_925,failed
vid_926,failed
vid_927,failed
vid_928,failed
vid_929,failed
vid_930,failed
vid_931,failed
vid_933,failed
vid_932,failed
vid_934,failed
vid_935,failed
vid_936,failed
vid_937,failed
vid_938,failed
vid_939,failed
vid_942,failed
vid_944,failed
vid_940,failed
vid_941,failed
vid_943,failed
vid_946,failed
vid_945,failed
vid_947,failed
vid_948,failed
vid_950,failed
vid_949,failed
vid_951,failed
vid_956,failed
vid_952,failed
vid_954,failed
vid_955,failed
vid_953,failed
vid_957,failed
vid_958,failed
vid_959,failed
vid_961,failed
vid_960,failed
vid_962,failed
vid_965,failed
vid_963,failed
vid_966,failed
vid_964,failed
vid_967,failed
vid_968,failed
vid_969,failed
vid_970,failed
vid_972,failed
vid_973,failed
vid_971,failed
vid_974,failed
vid_976,failed
vid_975,failed
vid_977,failed
vid_979,failed
vid_978,failed
vid_980,failed
vid_981,failed
vid_982,failed
vid_983,failed
vid_984,failed
vid_985,failed
vid_986,failed
vid_987,failed
vid_988,failed
vid_989,failed
vid_990,failed
vid_991,failed
vid_992,failed
vid_993,failed
vid_994,failed
vid_996,failed
vid_995,failed
vid_998,failed
vid_997,failed
vid_999,failed
